{"cameraMatrix": [[1458.0689755558574, 0.0, 578.7123116238681], [0.0, 1449.3315848003347, 414.9518863238689], [0.0, 0.0, 1.0]], "dist": [[-0.11066993711878928, 0.2763678208982012, 0.008531259396936107, -0.0010305726007570131, 0.14977080341901525]]}