{"cameraMatrix": [[1985.7002437163662, 0.0, 909.8987701895406], [0.0, 1983.0758927611114, 634.7260907198485], [0.0, 0.0, 1.0]], "dist": [[0.029761574481744234, 0.0038866456160458903, -0.0026616867850995747, 0.0015995045882729502, -0.6275624229764033]]}