{"cameraMatrix": [[1459.4670130465317, 0.0, 609.7581314496929], [0.0, 1451.2324002911196, 411.97437866476514], [0.0, 0.0, 1.0]], "dist": [[-0.1165934902999827, 0.40413249916032284, 0.008613053173332922, 0.0040849080434109085, -0.03349827585044142]], "rvecs": [[[-0.07354532202111667], [-0.04338994983352998], [1.6283381011465565]], [[-0.16442371780718182], [0.33974770962903655], [1.6929626719227548]], [[0.17006959777221725], [-0.1659044569541935], [1.5682391169650205]], [[0.06063868676319318], [0.42067780190025567], [1.7282441359465002]], [[-0.5795553179418185], [-0.240445993487264], [1.504570342766336]], [[-0.5428052016092787], [0.026765415434299625], [1.6544768434055368]], [[-0.5200735696959788], [0.6098688507962843], [1.5639260906851449]], [[-0.2590310145657096], [0.8275970046685854], [1.5126551306847833]], [[0.30826257046217687], [0.6570033477416372], [1.4090825263743996]], [[-0.0945324371882892], [-0.016267352889105993], [1.5779651660266907]], [[-0.2863311691341375], [0.5703791259668407], [1.7350520182394555]], [[0.37899149093310636], [0.17828911289102306], [1.637163425903737]], [[-0.11070061328788848], [-0.18479265037723536], [1.6405341642487234]], [[-0.24095830208494357], [0.4800941336163835], [1.849952243430862]], [[0.7695064220710349], [0.20405902268264037], [1.1974901088929504]], [[-0.5201373698323066], [0.16820180314729888], [1.8017810253435762]], [[0.0431295529371952], [0.2012321822090866], [1.5963329819877057]], [[-0.6634093684349092], [-0.32648306855555653], [1.5620469743313776]], [[-0.4977369746222257], [-0.19359607491594777], [1.6442068362845645]], [[-0.37902484379684653], [0.11363712009501044], [1.6631525496061181]], [[-0.3119090259297016], [-0.13573497304319598], [1.5502411598092212]], [[-0.1806632826578511], [-0.15986135959876663], [1.6422313875337449]], [[0.1507924721057044], [-0.4281377964916659], [1.79290231942359]], [[-0.643310580168751], [0.39175809994787053], [1.5834003192570254]], [[-0.06875699105991578], [-0.25424220805628667], [1.8185920568716025]], [[-0.0030116339257635913], [-0.14404165131237703], [1.8525916348448854]], [[0.1309758178711508], [0.05846788544241003], [1.8392709523838373]], [[-0.08591897809272397], [-0.08024902665894615], [1.827959504780563]], [[-0.13025281382880669], [0.013273641220915375], [1.5837827245712561]], [[-0.22247117729571683], [-0.00391337367004782], [1.602353105367372]], [[-0.17370867810485013], [-0.13528394930204077], [1.6368963263509957]], [[0.2010576765898094], [0.4769403119476508], [1.8352691934877785]], [[-0.40824306815430866], [0.23919895144878417], [1.5626732828613514]], [[0.28012620377463415], [-0.43335104639960975], [1.5502709838231339]], [[-0.1887870387513036], [0.21866103990323055], [1.5033996478765252]], [[0.6408519974427319], [0.4265106964170708], [1.635958393586723]], [[-0.36023378889046], [-0.4542769659167314], [1.4265004629718154]], [[-0.28521800906867545], [-0.31847222791771385], [1.4593796163221118]], [[0.424495650936146], [0.7448379150188466], [1.7773451094518626]], [[-0.20487299363700048], [0.8994366369084178], [1.6346410264235223]], [[-0.04912959660621129], [0.9484055605905118], [1.5136436146376895]], [[-0.5059445914063249], [-0.4705227128818449], [1.2838293380786039]], [[0.3643697400446932], [0.387595501032397], [1.6196998739162403]], [[-0.5354001605585821], [0.6171000643081094], [1.5622659949130617]], [[-0.16804350386907008], [0.09790358208180003], [1.1727454995168418]]], "tvecs": [[[59.98456490321757], [-145.79598220589057], [698.383198396908]], [[236.1167605787378], [-155.47372881103743], [735.6886746839098]], [[158.2210131056814], [-155.37242998609852], [722.3762064264846]], [[-23.650392350928207], [-73.58597898107918], [755.3792167944088]], [[-42.515192364200075], [-81.70438298780431], [826.534385555027]], [[-46.0521838318718], [14.59116759405397], [826.0798084956264]], [[170.50628068564714], [48.925133111986455], [815.9824837505612]], [[264.55983058890564], [29.4201659666271], [756.2931512081102]], [[211.85121180929042], [-70.68552298616747], [669.6085186762431]], [[221.25025562624552], [-43.50615623420618], [674.1915960051604]], [[220.0876939177207], [-26.296648585944062], [663.538420256741]], [[159.04053326768434], [-109.18931703238542], [585.9364074110086]], [[216.7525807755984], [-120.70909721424526], [622.0491349835092]], [[214.060147253941], [-101.89733010076219], [614.405237743086]], [[139.27351688306084], [-108.40271753376787], [534.6272452926635]], [[-112.26342117628067], [-6.337701467446936], [994.9892674160611]], [[-106.19806211878713], [-176.05070178848948], [961.7035974672393]], [[-99.40923502073676], [-171.58865713728574], [1031.4354235187884]], [[17.021351798086318], [-160.12703322161826], [904.2368213435363]], [[45.59356860015788], [-202.10114034195672], [868.670139311164]], [[-42.12719667602234], [-70.24653454612654], [810.3359342600628]], [[-3.4648980149130897], [-165.25039388567504], [760.7527894971868]], [[20.991380059201337], [-145.43138364165694], [727.4909518177815]], [[-8.608595929523286], [-182.4277391338843], [784.986417574058]], [[56.89056352624608], [-130.8890336184538], [723.3552431741488]], [[7.026372414679362], [-21.475167168579627], [716.3750334153252]], [[-50.91432644750225], [-17.689225974323357], [723.0787159227231]], [[159.7502736297933], [-39.340608724780004], [704.0924167349892]], [[121.97930084179582], [9.150172553356526], [680.2121292314737]], [[117.98719443300237], [-57.09179186049204], [829.519345642143]], [[129.36400265212768], [-181.43470369321372], [805.4508432071406]], [[236.7910425497521], [-146.71212779153748], [808.7250357022145]], [[201.28074636245074], [-165.6564689075442], [864.9743359266689]], [[136.26194371765638], [-158.50886939022456], [720.2381811757064]], [[129.51733408931892], [-159.48280020465526], [763.2897707969662]], [[115.0013126887456], [-127.32795146826575], [669.439738997441]], [[99.08647380907324], [-128.69032363576608], [757.3808466776994]], [[95.18355481154548], [-16.927407965461377], [759.2638235590484]], [[260.0152876756187], [-57.018886198019985], [740.9024681703363]], [[236.45083450978595], [24.60394281984555], [780.1649624419862]], [[209.2999221629968], [-171.41733893089142], [717.4780337909384]], [[-49.31067985893245], [-88.07633903505962], [821.3459201297514]], [[-3.4099047972321883], [-69.14837862195279], [771.1187836658033]], [[39.885927637687644], [29.342541338608147], [869.403187079795]], [[-49.17477725049867], [-192.9838155132818], [805.5072399906112]]]}